{"stats":{"minecraft:killed_by":{"minecraft:husk":5,"minecraft:wither_skeleton":1,"minecraft:cave_spider":1,"minecraft:skeleton":4},"minecraft:picked_up":{"minecraft:crafting_table":7,"minecraft:coarse_dirt":1,"minecraft:azure_bluet":1,"minecraft:chainmail_boots":2,"minecraft:diamond_sword":7,"minecraft:wooden_pickaxe":1,"minecraft:oak_stairs":2,"minecraft:gold_block":1,"minecraft:enchanted_book":8,"morevillagers:woodworking_table":1,"minecraft:shield":2,"minecraft:string":384,"minecraft:iron_axe":1,"aether:diamond_gloves":1,"minecraft:wooden_sword":1,"minecraft:item_frame":1,"minecraft:experience_bottle":56,"minecraft:cyan_carpet":26,"cisco_mod:adventurer_chestplate":4,"minecraft:diamond_leggings":2,"simplyswords:runic_tablet":6,"minecraft:bucket":2,"iter_rpg:earth_rune":1,"minecraft:spruce_planks":43,"minecraft:beef":2,"minecraft:oak_boat":1,"minecraft:calcite":12,"minecraft:smooth_quartz":24,"minecraft:iron_pickaxe":1,"minecraft:melon_slice":15,"minecraft:stick":10,"apotheosis:gem":21,"minecraft:spruce_fence":13,"morevillagers:hunting_post":8,"spartanweaponry:diamond_glaive":2,"minecraft:dark_oak_planks":9,"quark:ancient_tome":3,"minecraft:stone_sword":2,"minecraft:arrow":14,"minecraft:light_gray_bed":4,"minecraft:diamond_chestplate":1,"cisco_mod:adventurer_leggings":4,"aether:chainmail_gloves":2,"minecraft:saddle":8,"minecraft:gold_ingot":156,"forbidden_arcanus:spawner_scrap":118,"minecraft:cobblestone":29,"minecraft:enchanting_table":5,"minecraft:golden_carrot":32,"minecraft:leather":7,"minecraft:birch_planks":17,"quark:smithing_template_rune":1,"minecraft:oak_log":44,"minecraft:yellow_bed":1,"minecraft:gunpowder":14,"minecraft:wither_skeleton_skull":8,"relics:spore_sack":1,"cisco_mod:adventurer_boots":3,"minecraft:dirt":12,"minecraft:lantern":1,"minecraft:name_tag":4,"minecraft:bone":252,"minecraft:apple":4,"minecraft:bow":2,"minecraft:wheat_seeds":4,"minecraft:birch_wood":10,"cisco_mod:adventurer_helmet":2,"minecraft:iron_ingot":77,"minecraft:stone_pickaxe":7,"twigs:twig":4,"iter_rpg:monolith_stone":3,"minecraft:oak_planks":42,"minecraft:book":122,"spartanweaponry:iron_scythe":1,"minecraft:cooked_porkchop":39,"minecraft:spruce_sapling":1,"simplyswords:iron_greathammer":4,"iter_rpg:earth_fragment":29,"minecraft:spider_eye":63,"minecraft:dark_prismarine":1,"forbidden_arcanus:ender_pearl_fragment":4,"minecraft:diamond":68,"minecraft:stone_axe":2,"minecraft:soul_lantern":1,"minecraft:diamond_axe":1,"minecraft:golden_apple":17,"minecraft:chainmail_helmet":2,"minecraft:bread":176,"minecraft:emerald":244,"minecraft:oak_sapling":6,"minecraft:dark_oak_wood":10,"minecraft:coal":56,"minecraft:ender_pearl":1,"minecraft:diamond_pickaxe":3},"minecraft:broken":{"minecraft:stone_sword":1,"minecraft:chainmail_helmet":1,"minecraft:wooden_sword":1,"minecraft:stone_axe":1,"spartanweaponry:iron_scythe":1,"aether:chainmail_gloves":1},"minecraft:custom":{"minecraft:inspect_dropper":1,"lootr:looted_stat":67,"minecraft:mob_kills":214,"minecraft:interact_with_crafting_table":35,"minecraft:damage_dealt_resisted":8250,"minecraft:leave_game":6,"minecraft:time_since_death":92831,"minecraft:climb_one_cm":11592,"minecraft:damage_resisted":0,"minecraft:sprint_one_cm":518998,"minecraft:walk_one_cm":325573,"minecraft:damage_blocked_by_shield":1380,"minecraft:drop":54,"minecraft:play_noteblock":1,"minecraft:play_time":267923,"minecraft:sneak_time":20209,"minecraft:deaths":12,"minecraft:walk_under_water_one_cm":10383,"minecraft:jump":3358,"minecraft:walk_on_water_one_cm":13471,"minecraft:total_world_time":267923,"minecraft:tune_noteblock":2,"minecraft:pot_flower":1,"minecraft:sleep_in_bed":3,"minecraft:time_since_rest":43613,"minecraft:waystone_activated":1,"minecraft:damage_taken":10340,"minecraft:damage_dealt":68157,"minecraft:swim_one_cm":13690,"minecraft:fly_one_cm":711716,"minecraft:open_chest":5,"minecraft:crouch_one_cm":50838,"minecraft:fall_one_cm":104425,"minecraft:inspect_dispenser":4},"minecraft:killed":{"minecraft:cave_spider":55,"iter_rpg:earth_boulder":2,"minecraft:spider":31,"iter_rpg:forest_vines":11,"minecraft:skeleton":13,"minecraft:husk":1,"celestisynth:star_monolith":2,"minecraft:creeper":3,"minecraft:zombie":3,"iter_rpg:earth_elemental":11,"minecraft:wither_skeleton":73,"minecraft:cow":4,"minecraft:enderman":2},"minecraft:crafted":{"minecraft:wooden_sword":2,"minecraft:oak_planks":68,"quark:birch_chest":1,"spartanweaponry:iron_scythe":1,"minecraft:diamond_helmet":1,"minecraft:iron_boots":1,"minecraft:iron_axe":1,"minecraft:stone_pickaxe":2,"cisco_mod:adventurer_boots":1,"cisco_mod:adventurer_leggings":1,"quark:spruce_chest":1,"spartanweaponry:diamond_glaive":1,"sophisticatedbackpacks:iron_backpack":1,"minecraft:diamond_sword":1,"sophisticatedbackpacks:backpack":1,"spartanweaponry:pole":2,"minecraft:diamond_axe":1,"minecraft:crafting_table":7,"minecraft:wooden_pickaxe":1,"sophisticatedbackpacks:gold_backpack":1,"minecraft:birch_planks":40,"minecraft:dark_oak_button":2,"minecraft:stone_axe":1,"minecraft:oak_boat":1,"cisco_mod:adventurer_chestplate":1,"minecraft:iron_chestplate":1,"minecraft:diamond_pickaxe":1,"sophisticatedbackpacks:diamond_backpack":1,"minecraft:stick":32,"minecraft:stone_sword":1,"minecraft:iron_leggings":1},"minecraft:mined":{"minecraft:dark_oak_planks":8,"minecraft:dark_prismarine":1,"minecraft:spruce_planks":34,"minecraft:mossy_cobblestone":3,"iter_rpg:earth_seal":1,"minecraft:spruce_fence":7,"minecraft:grass_block":7,"minecraft:light_gray_bed":5,"morevillagers:woodworking_table":1,"minecraft:spawner":36,"minecraft:large_fern":1,"morevillagers:hunting_post":4,"minecraft:gold_block":1,"minecraft:enchanting_table":1,"minecraft:bookshelf":10,"minecraft:flowering_azalea_leaves":1,"minecraft:vine":9,"minecraft:oak_stairs":2,"minecraft:iron_bars":2,"minecraft:stone":24,"minecraft:podzol":1,"minecraft:powder_snow":1,"minecraft:crafting_table":7,"minecraft:dark_oak_wood":7,"minecraft:emerald_ore":2,"minecraft:calcite":12,"minecraft:melon":1,"minecraft:rose_bush":1,"minecraft:cobblestone":4,"minecraft:birch_wood":10,"minecraft:deepslate_coal_ore":2,"minecraft:oak_planks":15,"minecraft:birch_planks":7,"minecraft:coarse_dirt":1,"minecraft:ice":1,"minecraft:tnt":4,"minecraft:yellow_bed":1,"minecraft:grass":7,"minecraft:oak_log":37,"minecraft:coal_ore":17,"minecraft:cyan_carpet":8,"minecraft:smooth_quartz":20,"minecraft:dirt":4,"minecraft:red_mushroom_block":1,"minecraft:stone_bricks":1,"minecraft:mossy_stone_bricks":1,"minecraft:deepslate_emerald_ore":1,"minecraft:oak_leaves":6,"minecraft:fern":1},"minecraft:used":{"cisco_mod:adventurer_leggings":3,"minecraft:trident":1,"quark:birch_chest":1,"minecraft:stone_sword":157,"cisco_mod:adventurer_chestplate":2,"minecraft:spruce_planks":12,"minecraft:shield":40,"minecraft:iron_chestplate":1,"minecraft:dirt":5,"minecraft:dark_oak_planks":7,"minecraft:iron_axe":19,"minecraft:dark_oak_wood":6,"minecraft:smooth_quartz":14,"minecraft:dark_oak_button":2,"spartanweaponry:diamond_glaive":397,"minecraft:golden_carrot":1,"minecraft:light_gray_bed":4,"minecraft:iron_leggings":1,"minecraft:calcite":6,"minecraft:birch_planks":30,"minecraft:stone_pickaxe":24,"minecraft:oak_planks":17,"minecraft:wooden_pickaxe":28,"minecraft:diamond_axe":67,"minecraft:crafting_table":12,"simplyswords:iron_greathammer":106,"cisco_mod:adventurer_helmet":1,"minecraft:diamond_pickaxe":63,"minecraft:dark_prismarine":1,"easy_villagers:villager":1,"minecraft:apple":1,"minecraft:bread":89,"minecraft:iron_pickaxe":41,"minecraft:stone_axe":86,"minecraft:cobblestone":15,"minecraft:diamond_sword":425,"minecraft:wooden_sword":67,"minecraft:cooked_porkchop":11,"minecraft:oak_boat":2,"spartanweaponry:iron_scythe":249},"minecraft:dropped":{"minecraft:enchanted_book":1,"morevillagers:hunting_post":4,"minecraft:book":52,"minecraft:leather":4,"minecraft:apple":1,"cisco_mod:adventurer_chestplate":1,"minecraft:coal":17,"minecraft:item_frame":1,"minecraft:stick":5,"minecraft:melon_slice":5,"minecraft:smooth_quartz":3,"minecraft:oak_stairs":2,"minecraft:chainmail_leggings":1,"minecraft:string":79,"minecraft:cyan_carpet":19,"minecraft:gold_ingot":11,"minecraft:bone":7,"iter_rpg:monolith_stone":3,"minecraft:oak_planks":2,"minecraft:azure_bluet":1,"minecraft:spruce_fence":9,"minecraft:shield":1,"minecraft:gunpowder":4,"minecraft:spruce_planks":4,"apotheosis:gem":4,"spartanweaponry:diamond_glaive":1,"minecraft:oak_sapling":4,"minecraft:chainmail_boots":2,"minecraft:bow":1,"minecraft:wooden_pickaxe":1,"minecraft:beef":2,"minecraft:stone_pickaxe":3,"minecraft:calcite":6,"simplyswords:iron_greathammer":1}},"DataVersion":3465}