{"stats":{"minecraft:killed_by":{"minecraft:husk":5,"minecraft:wither_skeleton":1,"minecraft:cave_spider":1,"minecraft:skeleton":4},"minecraft:picked_up":{"minecraft:crafting_table":4,"minecraft:chainmail_boots":2,"minecraft:diamond_sword":6,"minecraft:wooden_pickaxe":1,"minecraft:oak_stairs":2,"minecraft:enchanted_book":4,"minecraft:shield":2,"minecraft:string":248,"minecraft:iron_axe":1,"minecraft:wooden_sword":1,"minecraft:cyan_carpet":25,"cisco_mod:adventurer_chestplate":3,"simplyswords:runic_tablet":6,"minecraft:bucket":2,"minecraft:spruce_planks":34,"minecraft:smooth_quartz":24,"minecraft:iron_pickaxe":1,"minecraft:melon_slice":15,"minecraft:stick":10,"apotheosis:gem":16,"minecraft:spruce_fence":12,"minecraft:dark_oak_planks":9,"spartanweaponry:diamond_glaive":2,"quark:ancient_tome":3,"minecraft:stone_sword":2,"minecraft:arrow":9,"cisco_mod:adventurer_leggings":3,"aether:chainmail_gloves":2,"minecraft:saddle":7,"minecraft:gold_ingot":85,"forbidden_arcanus:spawner_scrap":75,"minecraft:cobblestone":26,"minecraft:enchanting_table":4,"minecraft:oak_log":22,"minecraft:gunpowder":14,"minecraft:wither_skeleton_skull":6,"cisco_mod:adventurer_boots":2,"minecraft:dirt":4,"minecraft:name_tag":2,"minecraft:bone":175,"minecraft:apple":4,"minecraft:stone_pickaxe":7,"minecraft:birch_wood":10,"cisco_mod:adventurer_helmet":1,"minecraft:iron_ingot":28,"twigs:twig":4,"minecraft:oak_planks":42,"spartanweaponry:iron_scythe":1,"simplyswords:iron_greathammer":3,"minecraft:spider_eye":59,"minecraft:dark_prismarine":1,"minecraft:diamond":17,"minecraft:stone_axe":2,"minecraft:golden_apple":3,"minecraft:emerald":163,"minecraft:bread":132,"minecraft:chainmail_helmet":2,"minecraft:oak_sapling":4,"minecraft:dark_oak_wood":10,"minecraft:coal":37,"minecraft:diamond_pickaxe":2},"minecraft:broken":{"minecraft:stone_sword":1,"minecraft:chainmail_helmet":1,"minecraft:wooden_sword":1,"minecraft:stone_axe":1,"spartanweaponry:iron_scythe":1,"aether:chainmail_gloves":1},"minecraft:custom":{"lootr:looted_stat":17,"minecraft:mob_kills":152,"minecraft:interact_with_crafting_table":24,"minecraft:damage_dealt_resisted":7666,"minecraft:leave_game":3,"minecraft:time_since_death":6108,"minecraft:climb_one_cm":5722,"minecraft:damage_resisted":0,"minecraft:sprint_one_cm":191737,"minecraft:walk_one_cm":173988,"minecraft:damage_blocked_by_shield":1380,"minecraft:drop":29,"minecraft:play_noteblock":1,"minecraft:play_time":158973,"minecraft:deaths":11,"minecraft:sneak_time":12658,"minecraft:jump":992,"minecraft:total_world_time":158973,"minecraft:time_since_rest":6138,"minecraft:damage_taken":7300,"minecraft:damage_dealt":51822,"minecraft:fly_one_cm":199213,"minecraft:crouch_one_cm":27096,"minecraft:fall_one_cm":15650},"minecraft:killed":{"minecraft:cave_spider":48,"minecraft:spider":27,"minecraft:skeleton":6,"minecraft:creeper":3,"minecraft:wither_skeleton":68},"minecraft:crafted":{"minecraft:wooden_sword":2,"minecraft:oak_planks":60,"spartanweaponry:iron_scythe":1,"minecraft:iron_boots":1,"minecraft:iron_axe":1,"minecraft:stone_pickaxe":2,"cisco_mod:adventurer_boots":1,"cisco_mod:adventurer_leggings":1,"spartanweaponry:diamond_glaive":1,"spartanweaponry:pole":2,"minecraft:diamond_axe":1,"minecraft:crafting_table":7,"minecraft:wooden_pickaxe":1,"minecraft:dark_oak_button":2,"minecraft:birch_planks":40,"minecraft:stone_axe":1,"cisco_mod:adventurer_chestplate":1,"minecraft:iron_chestplate":1,"minecraft:diamond_pickaxe":1,"minecraft:stick":32,"minecraft:stone_sword":1,"minecraft:iron_leggings":1},"minecraft:mined":{"minecraft:dark_oak_planks":8,"minecraft:dark_prismarine":1,"minecraft:spruce_planks":25,"minecraft:grass_block":1,"minecraft:spruce_fence":6,"minecraft:spawner":27,"minecraft:enchanting_table":1,"minecraft:vine":2,"minecraft:oak_stairs":2,"minecraft:stone":24,"minecraft:crafting_table":4,"minecraft:dark_oak_wood":7,"minecraft:melon":1,"minecraft:rose_bush":1,"minecraft:cobblestone":2,"minecraft:birch_wood":10,"minecraft:oak_planks":15,"minecraft:grass":6,"minecraft:oak_log":15,"minecraft:cyan_carpet":7,"minecraft:dirt":3,"minecraft:smooth_quartz":20,"minecraft:fern":1},"minecraft:used":{"cisco_mod:adventurer_leggings":2,"minecraft:stone_sword":157,"cisco_mod:adventurer_chestplate":2,"minecraft:spruce_planks":12,"minecraft:shield":40,"minecraft:iron_chestplate":1,"minecraft:dirt":4,"minecraft:dark_oak_planks":7,"minecraft:iron_axe":19,"minecraft:dark_oak_wood":6,"minecraft:smooth_quartz":14,"minecraft:dark_oak_button":2,"spartanweaponry:diamond_glaive":397,"minecraft:iron_leggings":1,"minecraft:stone_pickaxe":24,"minecraft:oak_planks":17,"minecraft:wooden_pickaxe":28,"minecraft:diamond_axe":3,"minecraft:crafting_table":9,"simplyswords:iron_greathammer":106,"minecraft:dark_prismarine":1,"minecraft:diamond_pickaxe":8,"minecraft:apple":1,"minecraft:bread":78,"minecraft:iron_pickaxe":20,"minecraft:stone_axe":86,"minecraft:diamond_sword":183,"minecraft:wooden_sword":67,"minecraft:cobblestone":15,"spartanweaponry:iron_scythe":249},"minecraft:dropped":{"minecraft:apple":1,"cisco_mod:adventurer_chestplate":1,"minecraft:stick":5,"minecraft:melon_slice":5,"minecraft:smooth_quartz":3,"minecraft:oak_stairs":2,"minecraft:chainmail_leggings":1,"minecraft:cyan_carpet":17,"minecraft:oak_planks":2,"minecraft:spruce_fence":8,"minecraft:shield":1,"minecraft:spruce_planks":2,"spartanweaponry:diamond_glaive":1,"apotheosis:gem":1,"minecraft:oak_sapling":3,"minecraft:chainmail_boots":2,"minecraft:wooden_pickaxe":1,"minecraft:stone_pickaxe":3,"simplyswords:iron_greathammer":1}},"DataVersion":3465}