{"stats":{"minecraft:killed_by":{"minecraft:husk":5,"minecraft:wither_skeleton":1,"minecraft:skeleton":3},"minecraft:picked_up":{"minecraft:enchanting_table":2,"minecraft:crafting_table":3,"minecraft:chainmail_boots":2,"minecraft:wooden_pickaxe":1,"minecraft:enchanted_book":2,"minecraft:oak_log":22,"minecraft:shield":1,"minecraft:gunpowder":6,"minecraft:wither_skeleton_skull":2,"minecraft:dirt":4,"minecraft:string":101,"minecraft:wooden_sword":1,"minecraft:bone":30,"minecraft:cyan_carpet":20,"minecraft:apple":4,"cisco_mod:adventurer_chestplate":1,"simplyswords:runic_tablet":2,"minecraft:bucket":1,"minecraft:spruce_planks":25,"minecraft:iron_ingot":5,"minecraft:stone_pickaxe":3,"minecraft:iron_pickaxe":1,"minecraft:smooth_quartz":15,"twigs:twig":4,"minecraft:melon_slice":15,"minecraft:oak_planks":32,"apotheosis:gem":8,"minecraft:stick":6,"spartanweaponry:iron_scythe":1,"minecraft:spruce_fence":3,"minecraft:spider_eye":23,"minecraft:dark_oak_planks":9,"minecraft:dark_prismarine":1,"quark:ancient_tome":1,"minecraft:stone_sword":2,"minecraft:arrow":2,"minecraft:diamond":4,"cisco_mod:adventurer_leggings":1,"minecraft:stone_axe":2,"aether:chainmail_gloves":2,"minecraft:golden_apple":1,"minecraft:gold_ingot":9,"minecraft:emerald":39,"minecraft:chainmail_helmet":2,"minecraft:saddle":3,"minecraft:bread":60,"minecraft:oak_sapling":4,"minecraft:coal":12,"minecraft:dark_oak_wood":10,"forbidden_arcanus:spawner_scrap":20,"minecraft:cobblestone":26},"minecraft:broken":{"minecraft:stone_axe":1,"minecraft:wooden_sword":1,"minecraft:stone_sword":1,"spartanweaponry:iron_scythe":1},"minecraft:custom":{"lootr:looted_stat":10,"minecraft:mob_kills":99,"minecraft:interact_with_crafting_table":20,"minecraft:damage_dealt_resisted":3502,"minecraft:leave_game":1,"minecraft:time_since_death":23360,"minecraft:climb_one_cm":4104,"minecraft:damage_resisted":0,"minecraft:time_since_rest":23392,"minecraft:sprint_one_cm":110229,"minecraft:damage_taken":5321,"minecraft:walk_one_cm":113126,"minecraft:damage_blocked_by_shield":620,"minecraft:drop":15,"minecraft:damage_dealt":30151,"minecraft:fly_one_cm":136138,"minecraft:crouch_one_cm":22693,"minecraft:play_time":105537,"minecraft:deaths":9,"minecraft:sneak_time":10832,"minecraft:jump":677,"minecraft:total_world_time":105537,"minecraft:fall_one_cm":12849},"minecraft:killed":{"minecraft:cave_spider":42,"minecraft:spider":17,"minecraft:creeper":3,"minecraft:skeleton":5,"minecraft:wither_skeleton":32},"minecraft:crafted":{"minecraft:wooden_sword":2,"minecraft:oak_planks":48,"spartanweaponry:iron_scythe":1,"spartanweaponry:pole":2,"minecraft:crafting_table":4,"minecraft:wooden_pickaxe":1,"minecraft:dark_oak_button":2,"minecraft:stone_axe":1,"cisco_mod:adventurer_chestplate":1,"minecraft:iron_boots":1,"minecraft:iron_chestplate":1,"minecraft:stick":24,"cisco_mod:adventurer_boots":1,"minecraft:stone_pickaxe":2,"minecraft:stone_sword":1,"minecraft:iron_leggings":1,"cisco_mod:adventurer_leggings":1,"spartanweaponry:diamond_glaive":1},"minecraft:mined":{"minecraft:dark_oak_planks":8,"minecraft:dark_prismarine":1,"minecraft:spruce_planks":18,"minecraft:crafting_table":2,"minecraft:dark_oak_wood":7,"minecraft:grass_block":1,"minecraft:spruce_fence":3,"minecraft:melon":1,"minecraft:rose_bush":1,"minecraft:cobblestone":2,"minecraft:oak_planks":5,"minecraft:spawner":15,"minecraft:enchanting_table":1,"minecraft:grass":6,"minecraft:oak_log":15,"minecraft:vine":2,"minecraft:cyan_carpet":2,"minecraft:dirt":3,"minecraft:smooth_quartz":15,"minecraft:stone":24,"minecraft:fern":1},"minecraft:used":{"cisco_mod:adventurer_leggings":2,"minecraft:stone_sword":157,"minecraft:stone_pickaxe":15,"minecraft:oak_planks":7,"cisco_mod:adventurer_chestplate":2,"minecraft:shield":26,"minecraft:spruce_planks":7,"minecraft:wooden_pickaxe":28,"minecraft:iron_chestplate":1,"minecraft:dirt":4,"minecraft:crafting_table":6,"simplyswords:iron_greathammer":14,"minecraft:dark_oak_planks":7,"minecraft:dark_prismarine":1,"minecraft:apple":1,"minecraft:bread":52,"minecraft:iron_pickaxe":20,"minecraft:dark_oak_wood":6,"minecraft:smooth_quartz":11,"minecraft:dark_oak_button":2,"minecraft:stone_axe":86,"spartanweaponry:diamond_glaive":241,"minecraft:wooden_sword":67,"minecraft:cobblestone":15,"minecraft:iron_leggings":1,"spartanweaponry:iron_scythe":249},"minecraft:dropped":{"minecraft:oak_planks":2,"minecraft:apple":1,"minecraft:spruce_fence":2,"minecraft:stick":3,"minecraft:shield":1,"minecraft:melon_slice":5,"minecraft:chainmail_boots":2,"minecraft:oak_sapling":3,"minecraft:wooden_pickaxe":1,"minecraft:stone_pickaxe":1,"minecraft:chainmail_leggings":1,"minecraft:cyan_carpet":16}},"DataVersion":3465}