{"stats":{"minecraft:killed_by":{"minecraft:zombie_villager":1},"minecraft:custom":{"minecraft:jump":201,"minecraft:open_chest":1,"minecraft:time_since_rest":1805,"minecraft:leave_game":1,"minecraft:deaths":1,"minecraft:damage_dealt":384,"minecraft:crouch_one_cm":173,"minecraft:walk_on_water_one_cm":697,"minecraft:sprint_one_cm":19609,"minecraft:play_time":12470,"minecraft:damage_taken":338,"minecraft:time_since_death":1732,"minecraft:walk_one_cm":11247,"minecraft:sneak_time":69,"minecraft:climb_one_cm":857,"minecraft:total_world_time":12470,"minecraft:walk_under_water_one_cm":807,"minecraft:mob_kills":1,"minecraft:swim_one_cm":11020,"minecraft:fall_one_cm":10265,"minecraft:fly_one_cm":53132,"minecraft:damage_dealt_resisted":0},"minecraft:killed":{"minecraft:zombie":1}},"DataVersion":3465}