{"stats":{"minecraft:killed_by":{"minecraft:husk":5,"minecraft:wither_skeleton":1,"minecraft:skeleton":2},"minecraft:picked_up":{"minecraft:crafting_table":3,"minecraft:wooden_pickaxe":1,"minecraft:enchanted_book":1,"minecraft:oak_log":19,"minecraft:dirt":4,"minecraft:string":17,"minecraft:wooden_sword":1,"minecraft:bone":1,"minecraft:cyan_carpet":2,"minecraft:apple":3,"simplyswords:runic_tablet":1,"minecraft:spruce_planks":14,"minecraft:stone_pickaxe":2,"minecraft:iron_pickaxe":1,"minecraft:smooth_quartz":13,"twigs:twig":4,"minecraft:melon_slice":10,"minecraft:oak_planks":28,"apotheosis:gem":1,"minecraft:stick":6,"minecraft:spruce_fence":1,"minecraft:spider_eye":4,"minecraft:dark_oak_planks":8,"minecraft:dark_prismarine":1,"minecraft:stone_sword":1,"minecraft:arrow":2,"minecraft:stone_axe":1,"aether:chainmail_gloves":1,"minecraft:emerald":13,"minecraft:chainmail_helmet":1,"minecraft:saddle":1,"minecraft:bread":11,"minecraft:oak_sapling":4,"minecraft:dark_oak_wood":4,"forbidden_arcanus:spawner_scrap":1,"minecraft:cobblestone":26},"minecraft:custom":{"lootr:looted_stat":5,"minecraft:mob_kills":8,"minecraft:interact_with_crafting_table":8,"minecraft:damage_dealt_resisted":133,"minecraft:leave_game":1,"minecraft:time_since_death":8146,"minecraft:climb_one_cm":672,"minecraft:damage_resisted":0,"minecraft:time_since_rest":8539,"minecraft:sprint_one_cm":54621,"minecraft:damage_taken":3011,"minecraft:walk_one_cm":36206,"minecraft:damage_blocked_by_shield":60,"minecraft:drop":2,"minecraft:damage_dealt":1533,"minecraft:fly_one_cm":81889,"minecraft:crouch_one_cm":18397,"minecraft:play_time":69537,"minecraft:deaths":8,"minecraft:sneak_time":9181,"minecraft:jump":431,"minecraft:total_world_time":69537,"minecraft:fall_one_cm":8997},"minecraft:killed":{"minecraft:cave_spider":6,"minecraft:skeleton":2},"minecraft:crafted":{"minecraft:wooden_sword":1,"minecraft:oak_planks":44,"minecraft:crafting_table":2,"minecraft:wooden_pickaxe":1,"minecraft:dark_oak_button":2,"minecraft:stone_axe":1,"minecraft:iron_chestplate":1,"minecraft:stick":20,"minecraft:stone_pickaxe":2,"minecraft:stone_sword":1},"minecraft:mined":{"minecraft:dark_oak_planks":8,"minecraft:dark_prismarine":1,"minecraft:spruce_planks":11,"minecraft:crafting_table":2,"minecraft:dark_oak_wood":3,"minecraft:grass_block":1,"minecraft:spruce_fence":1,"minecraft:melon":1,"minecraft:rose_bush":1,"minecraft:cobblestone":2,"minecraft:oak_planks":3,"minecraft:spawner":2,"minecraft:grass":6,"minecraft:oak_log":15,"minecraft:vine":2,"minecraft:dirt":3,"minecraft:smooth_quartz":13,"minecraft:stone":24,"minecraft:fern":1},"minecraft:used":{"minecraft:stone_sword":31,"minecraft:stone_pickaxe":6,"minecraft:oak_planks":7,"minecraft:shield":6,"minecraft:spruce_planks":7,"minecraft:wooden_pickaxe":28,"minecraft:iron_chestplate":1,"minecraft:dirt":4,"minecraft:crafting_table":4,"minecraft:dark_oak_planks":7,"minecraft:dark_prismarine":1,"minecraft:apple":1,"minecraft:bread":14,"minecraft:iron_pickaxe":13,"minecraft:smooth_quartz":11,"minecraft:dark_oak_button":2,"minecraft:stone_axe":29,"minecraft:wooden_sword":25,"minecraft:cobblestone":15},"minecraft:dropped":{"minecraft:oak_sapling":3,"minecraft:stone_pickaxe":1}},"DataVersion":3465}