{"stats":{"minecraft:used":{"minecraft:melon_slice":5},"minecraft:custom":{"minecraft:time_since_rest":437,"minecraft:crouch_one_cm":997,"minecraft:deaths":1,"minecraft:play_time":14657,"minecraft:sprint_one_cm":13884,"minecraft:damage_taken":380,"minecraft:walk_one_cm":5007,"minecraft:sneak_time":401,"minecraft:walk_under_water_one_cm":3434,"minecraft:drop":1,"minecraft:damage_dealt_resisted":0,"minecraft:jump":90,"minecraft:damage_dealt":16,"minecraft:leave_game":1,"minecraft:time_since_death":368,"minecraft:walk_on_water_one_cm":1173,"minecraft:total_world_time":14657,"minecraft:climb_one_cm":688,"minecraft:swim_one_cm":20819,"minecraft:fall_one_cm":1704,"minecraft:fly_one_cm":14898},"minecraft:dropped":{"minecraft:jungle_sapling":1},"minecraft:killed_by":{"cataclysm:deepling_brute":1},"minecraft:picked_up":{"minecraft:jungle_sapling":2,"minecraft:melon_slice":6},"minecraft:mined":{"minecraft:melon":1,"minecraft:jungle_leaves":1}},"DataVersion":3465}