{"stats":{"minecraft:killed_by":{"minecraft:husk":5,"minecraft:cave_spider":1,"minecraft:wither_skeleton":1,"minecraft:skeleton":3},"minecraft:picked_up":{"minecraft:enchanting_table":3,"minecraft:crafting_table":3,"minecraft:chainmail_boots":2,"minecraft:diamond_sword":2,"minecraft:wooden_pickaxe":1,"minecraft:oak_stairs":2,"minecraft:enchanted_book":3,"minecraft:oak_log":22,"minecraft:shield":2,"minecraft:gunpowder":10,"minecraft:wither_skeleton_skull":4,"cisco_mod:adventurer_boots":1,"minecraft:string":174,"minecraft:dirt":4,"minecraft:iron_axe":1,"minecraft:wooden_sword":1,"minecraft:name_tag":1,"minecraft:bone":107,"minecraft:cyan_carpet":23,"minecraft:apple":4,"cisco_mod:adventurer_chestplate":2,"simplyswords:runic_tablet":4,"minecraft:bucket":2,"minecraft:spruce_planks":30,"minecraft:iron_ingot":13,"minecraft:stone_pickaxe":5,"minecraft:iron_pickaxe":1,"minecraft:smooth_quartz":20,"twigs:twig":4,"minecraft:melon_slice":15,"minecraft:oak_planks":42,"minecraft:stick":8,"apotheosis:gem":12,"spartanweaponry:iron_scythe":1,"minecraft:spruce_fence":5,"simplyswords:iron_greathammer":1,"minecraft:spider_eye":39,"spartanweaponry:diamond_glaive":2,"minecraft:dark_prismarine":1,"minecraft:dark_oak_planks":9,"quark:ancient_tome":2,"minecraft:stone_sword":2,"minecraft:arrow":4,"minecraft:diamond":10,"cisco_mod:adventurer_leggings":2,"minecraft:stone_axe":2,"aether:chainmail_gloves":2,"minecraft:golden_apple":2,"minecraft:gold_ingot":38,"minecraft:chainmail_helmet":2,"minecraft:saddle":5,"minecraft:bread":91,"minecraft:emerald":101,"minecraft:oak_sapling":4,"minecraft:dark_oak_wood":10,"forbidden_arcanus:spawner_scrap":48,"minecraft:coal":33,"minecraft:cobblestone":26,"minecraft:diamond_pickaxe":1},"minecraft:broken":{"minecraft:wooden_sword":1,"minecraft:stone_sword":1,"minecraft:stone_axe":1,"spartanweaponry:iron_scythe":1,"aether:chainmail_gloves":1,"minecraft:chainmail_helmet":1},"minecraft:custom":{"lootr:looted_stat":12,"minecraft:mob_kills":131,"minecraft:interact_with_crafting_table":23,"minecraft:damage_dealt_resisted":6510,"minecraft:leave_game":3,"minecraft:time_since_death":4612,"minecraft:damage_resisted":0,"minecraft:climb_one_cm":5722,"minecraft:time_since_rest":4646,"minecraft:sprint_one_cm":151608,"minecraft:damage_taken":6455,"minecraft:walk_one_cm":151519,"minecraft:damage_blocked_by_shield":1360,"minecraft:drop":21,"minecraft:damage_dealt":43401,"minecraft:play_noteblock":1,"minecraft:fly_one_cm":174675,"minecraft:crouch_one_cm":25149,"minecraft:play_time":146973,"minecraft:deaths":10,"minecraft:sneak_time":12155,"minecraft:jump":854,"minecraft:total_world_time":146973,"minecraft:fall_one_cm":14479},"minecraft:killed":{"minecraft:cave_spider":42,"minecraft:spider":21,"minecraft:creeper":3,"minecraft:skeleton":6,"minecraft:wither_skeleton":59},"minecraft:crafted":{"minecraft:wooden_sword":2,"minecraft:oak_planks":60,"spartanweaponry:iron_scythe":1,"spartanweaponry:pole":2,"minecraft:crafting_table":6,"minecraft:wooden_pickaxe":1,"minecraft:dark_oak_button":2,"minecraft:stone_axe":1,"cisco_mod:adventurer_chestplate":1,"minecraft:iron_chestplate":1,"minecraft:iron_boots":1,"minecraft:diamond_pickaxe":1,"minecraft:iron_axe":1,"minecraft:stick":32,"cisco_mod:adventurer_boots":1,"minecraft:stone_pickaxe":2,"minecraft:stone_sword":1,"minecraft:iron_leggings":1,"cisco_mod:adventurer_leggings":1,"spartanweaponry:diamond_glaive":1},"minecraft:mined":{"minecraft:dark_oak_planks":8,"minecraft:dark_prismarine":1,"minecraft:spruce_planks":23,"minecraft:crafting_table":3,"minecraft:dark_oak_wood":7,"minecraft:grass_block":1,"minecraft:spruce_fence":5,"minecraft:melon":1,"minecraft:rose_bush":1,"minecraft:cobblestone":2,"minecraft:oak_planks":15,"minecraft:spawner":22,"minecraft:enchanting_table":1,"minecraft:grass":6,"minecraft:oak_log":15,"minecraft:oak_stairs":2,"minecraft:vine":2,"minecraft:cyan_carpet":5,"minecraft:smooth_quartz":19,"minecraft:dirt":3,"minecraft:stone":24,"minecraft:fern":1},"minecraft:used":{"cisco_mod:adventurer_leggings":2,"minecraft:stone_sword":157,"minecraft:stone_pickaxe":24,"minecraft:oak_planks":17,"cisco_mod:adventurer_chestplate":2,"minecraft:spruce_planks":12,"minecraft:wooden_pickaxe":28,"minecraft:shield":39,"minecraft:iron_chestplate":1,"minecraft:dirt":4,"minecraft:crafting_table":8,"simplyswords:iron_greathammer":106,"minecraft:dark_oak_planks":7,"minecraft:dark_prismarine":1,"minecraft:diamond_pickaxe":2,"minecraft:apple":1,"minecraft:iron_axe":19,"minecraft:bread":70,"minecraft:iron_pickaxe":20,"minecraft:cobblestone":15,"minecraft:dark_oak_wood":6,"minecraft:dark_oak_button":2,"minecraft:stone_axe":86,"minecraft:wooden_sword":67,"minecraft:smooth_quartz":14,"minecraft:diamond_sword":34,"spartanweaponry:diamond_glaive":397,"spartanweaponry:iron_scythe":249,"minecraft:iron_leggings":1},"minecraft:dropped":{"minecraft:oak_planks":2,"minecraft:apple":1,"minecraft:spruce_fence":2,"minecraft:stick":5,"minecraft:shield":1,"minecraft:melon_slice":5,"spartanweaponry:diamond_glaive":1,"apotheosis:gem":1,"minecraft:oak_sapling":3,"minecraft:chainmail_boots":2,"minecraft:oak_stairs":2,"minecraft:stone_pickaxe":2,"minecraft:wooden_pickaxe":1,"minecraft:chainmail_leggings":1,"minecraft:cyan_carpet":17}},"DataVersion":3465}