{"stats":{"minecraft:killed_by":{"minecraft:husk":3,"minecraft:wither_skeleton":1,"minecraft:skeleton":2},"minecraft:picked_up":{"minecraft:crafting_table":1,"minecraft:stick":3,"minecraft:spruce_fence":1,"minecraft:oak_log":15,"minecraft:dirt":4,"minecraft:dark_prismarine":1,"minecraft:dark_oak_planks":7,"minecraft:wooden_sword":1,"minecraft:bone":1,"minecraft:arrow":2,"minecraft:cyan_carpet":1,"minecraft:apple":2,"minecraft:spruce_planks":10,"minecraft:stone_pickaxe":1,"minecraft:smooth_quartz":11,"minecraft:melon_slice":5,"minecraft:oak_sapling":4,"twigs:twig":4,"minecraft:dark_oak_wood":2,"minecraft:oak_planks":27,"minecraft:cobblestone":26},"minecraft:custom":{"minecraft:time_since_rest":3477,"lootr:looted_stat":2,"minecraft:sprint_one_cm":41098,"minecraft:damage_taken":2142,"minecraft:walk_one_cm":23752,"minecraft:mob_kills":1,"minecraft:drop":2,"minecraft:damage_dealt":1153,"minecraft:interact_with_crafting_table":5,"minecraft:fly_one_cm":59516,"minecraft:play_time":45537,"minecraft:crouch_one_cm":18081,"minecraft:sneak_time":8994,"minecraft:deaths":6,"minecraft:damage_dealt_resisted":133,"minecraft:jump":379,"minecraft:leave_game":1,"minecraft:time_since_death":3448,"minecraft:climb_one_cm":672,"minecraft:total_world_time":45537,"minecraft:damage_resisted":0,"minecraft:fall_one_cm":7933},"minecraft:killed":{"minecraft:skeleton":1},"minecraft:crafted":{"minecraft:wooden_sword":1,"minecraft:oak_planks":44,"minecraft:crafting_table":2,"minecraft:stick":16,"minecraft:wooden_pickaxe":1,"minecraft:stone_pickaxe":2,"minecraft:stone_sword":1,"minecraft:dark_oak_button":2,"minecraft:stone_axe":1},"minecraft:mined":{"minecraft:dark_oak_planks":8,"minecraft:dark_prismarine":1,"minecraft:spruce_planks":10,"minecraft:vine":2,"minecraft:crafting_table":1,"minecraft:grass":6,"minecraft:dark_oak_wood":3,"minecraft:grass_block":1,"minecraft:spruce_fence":1,"minecraft:oak_log":15,"minecraft:melon":1,"minecraft:rose_bush":1,"minecraft:smooth_quartz":11,"minecraft:dirt":3,"minecraft:cobblestone":2,"minecraft:stone":24,"minecraft:oak_planks":3,"minecraft:fern":1,"minecraft:spawner":1},"minecraft:used":{"minecraft:dark_prismarine":1,"minecraft:dark_oak_planks":4,"minecraft:stone_sword":21,"minecraft:apple":1,"minecraft:bread":9,"minecraft:stone_pickaxe":6,"minecraft:oak_planks":7,"minecraft:iron_pickaxe":10,"minecraft:spruce_planks":7,"minecraft:wooden_pickaxe":28,"minecraft:smooth_quartz":11,"minecraft:dark_oak_button":2,"minecraft:stone_axe":27,"minecraft:wooden_sword":25,"minecraft:dirt":4,"minecraft:cobblestone":15,"minecraft:crafting_table":2},"minecraft:dropped":{"minecraft:oak_sapling":3,"minecraft:stone_pickaxe":1}},"DataVersion":3465}