{"stats":{"minecraft:killed_by":{"minecraft:husk":5,"minecraft:wither_skeleton":1,"minecraft:skeleton":2},"minecraft:picked_up":{"minecraft:enchanting_table":1,"minecraft:crafting_table":3,"minecraft:wooden_pickaxe":1,"minecraft:enchanted_book":1,"minecraft:oak_log":19,"minecraft:gunpowder":2,"minecraft:dirt":4,"minecraft:string":42,"minecraft:wooden_sword":1,"minecraft:bone":3,"minecraft:cyan_carpet":9,"minecraft:apple":3,"simplyswords:runic_tablet":1,"minecraft:spruce_planks":16,"minecraft:stone_pickaxe":2,"minecraft:iron_pickaxe":1,"minecraft:smooth_quartz":13,"twigs:twig":4,"minecraft:melon_slice":10,"minecraft:oak_planks":28,"apotheosis:gem":2,"minecraft:stick":6,"minecraft:spruce_fence":3,"minecraft:spider_eye":9,"minecraft:dark_oak_planks":8,"minecraft:dark_prismarine":1,"minecraft:stone_sword":1,"minecraft:arrow":2,"minecraft:stone_axe":1,"aether:chainmail_gloves":1,"minecraft:emerald":13,"minecraft:chainmail_helmet":1,"minecraft:saddle":1,"minecraft:bread":11,"minecraft:oak_sapling":4,"minecraft:coal":1,"minecraft:dark_oak_wood":4,"forbidden_arcanus:spawner_scrap":6,"minecraft:cobblestone":26},"minecraft:custom":{"lootr:looted_stat":7,"minecraft:mob_kills":42,"minecraft:interact_with_crafting_table":15,"minecraft:damage_dealt_resisted":431,"minecraft:leave_game":1,"minecraft:time_since_death":20146,"minecraft:climb_one_cm":1608,"minecraft:damage_resisted":0,"minecraft:time_since_rest":20539,"minecraft:sprint_one_cm":74479,"minecraft:damage_taken":3522,"minecraft:walk_one_cm":62386,"minecraft:damage_blocked_by_shield":60,"minecraft:drop":8,"minecraft:damage_dealt":7956,"minecraft:fly_one_cm":91584,"minecraft:crouch_one_cm":20933,"minecraft:play_time":81537,"minecraft:deaths":8,"minecraft:sneak_time":9947,"minecraft:jump":520,"minecraft:total_world_time":81537,"minecraft:fall_one_cm":9886},"minecraft:killed":{"minecraft:cave_spider":31,"minecraft:spider":6,"minecraft:creeper":1,"minecraft:skeleton":3,"minecraft:wither_skeleton":1},"minecraft:crafted":{"minecraft:wooden_sword":1,"minecraft:oak_planks":48,"spartanweaponry:iron_scythe":1,"spartanweaponry:pole":1,"minecraft:crafting_table":3,"minecraft:wooden_pickaxe":1,"minecraft:dark_oak_button":2,"minecraft:stone_axe":1,"cisco_mod:adventurer_chestplate":1,"minecraft:iron_chestplate":1,"minecraft:stick":20,"minecraft:stone_pickaxe":2,"minecraft:stone_sword":1,"minecraft:iron_leggings":1,"cisco_mod:adventurer_leggings":1},"minecraft:mined":{"minecraft:dark_oak_planks":8,"minecraft:dark_prismarine":1,"minecraft:spruce_planks":13,"minecraft:crafting_table":2,"minecraft:dark_oak_wood":3,"minecraft:grass_block":1,"minecraft:spruce_fence":3,"minecraft:melon":1,"minecraft:rose_bush":1,"minecraft:cobblestone":2,"minecraft:oak_planks":3,"minecraft:spawner":8,"minecraft:enchanting_table":1,"minecraft:grass":6,"minecraft:oak_log":15,"minecraft:vine":2,"minecraft:cyan_carpet":2,"minecraft:dirt":3,"minecraft:smooth_quartz":13,"minecraft:stone":24,"minecraft:fern":1},"minecraft:used":{"cisco_mod:adventurer_leggings":1,"minecraft:stone_sword":47,"minecraft:stone_pickaxe":6,"minecraft:oak_planks":7,"cisco_mod:adventurer_chestplate":1,"minecraft:shield":6,"minecraft:spruce_planks":7,"minecraft:wooden_pickaxe":28,"minecraft:iron_chestplate":1,"minecraft:dirt":4,"minecraft:crafting_table":5,"minecraft:dark_oak_planks":7,"minecraft:dark_prismarine":1,"minecraft:apple":1,"minecraft:bread":23,"minecraft:iron_pickaxe":20,"minecraft:smooth_quartz":11,"minecraft:dark_oak_button":2,"minecraft:stone_axe":35,"minecraft:wooden_sword":25,"minecraft:cobblestone":15,"minecraft:iron_leggings":1,"spartanweaponry:iron_scythe":100},"minecraft:dropped":{"minecraft:spruce_fence":2,"minecraft:stick":3,"minecraft:shield":1,"minecraft:oak_sapling":3,"minecraft:wooden_pickaxe":1,"minecraft:stone_pickaxe":1,"minecraft:chainmail_leggings":1,"minecraft:cyan_carpet":6}},"DataVersion":3465}