{"stats":{"minecraft:picked_up":{"regions_unexplored:magnolia_log":14,"minecraft:porkchop":3,"minecraft:dirt":9,"minecraft:cobblestone":10},"minecraft:mined":{"minecraft:grass_block":2,"minecraft:dirt":7,"regions_unexplored:willow_leaves":2,"minecraft:stone":11,"regions_unexplored:magnolia_log":14},"minecraft:custom":{"minecraft:time_since_rest":5277,"minecraft:crouch_one_cm":540,"minecraft:sprint_one_cm":61778,"minecraft:play_time":29511,"minecraft:walk_one_cm":13902,"minecraft:damage_taken":170,"minecraft:deaths":1,"minecraft:sneak_time":585,"minecraft:walk_under_water_one_cm":734,"minecraft:mob_kills":1,"minecraft:jump":461,"minecraft:damage_dealt":100,"minecraft:walk_on_water_one_cm":922,"minecraft:leave_game":2,"minecraft:time_since_death":5250,"minecraft:total_world_time":29511,"minecraft:interact_with_crafting_table":1,"minecraft:fall_one_cm":2896,"minecraft:fly_one_cm":205347},"minecraft:killed":{"minecraft:pig":1},"minecraft:used":{"minecraft:dirt":4,"minecraft:crafting_table":1,"cisco_mod:dragon_seeker_missile_spawn_egg":1,"minecraft:wooden_pickaxe":15},"minecraft:crafted":{"minecraft:crafting_table":1,"regions_unexplored:magnolia_planks":56,"minecraft:stick":4,"minecraft:wooden_pickaxe":1}},"DataVersion":3465}