{"stats":{"minecraft:mined":{"regions_unexplored:hyssop":1,"minecraft:furnace":1,"regions_unexplored:willow_leaves":2,"minecraft:iron_ore":6,"regions_unexplored:magnolia_log":14,"minecraft:crafting_table":3,"minecraft:grass_block":2,"minecraft:dirt":7,"regions_unexplored:blue_magnolia_shrub":1,"minecraft:stone":19},"minecraft:picked_up":{"minecraft:raw_iron":6,"minecraft:crafting_table":3,"regions_unexplored:magnolia_log":14,"minecraft:leather":5,"regions_unexplored:blue_magnolia_shrub":1,"minecraft:porkchop":5,"regions_unexplored:daisy":1,"minecraft:dirt":18,"regions_unexplored:hyssop":4,"minecraft:wheat_seeds":1,"regions_unexplored:magnolia_planks":7,"regions_unexplored:blue_magnolia_sapling":2,"minecraft:beef":12,"minecraft:mutton":4,"minecraft:white_wool":3,"minecraft:cobblestone":19,"minecraft:furnace":1},"minecraft:custom":{"minecraft:time_since_rest":948,"minecraft:interact_with_furnace":3,"minecraft:sprint_one_cm":95211,"minecraft:damage_taken":467,"minecraft:walk_one_cm":36252,"minecraft:mob_kills":13,"minecraft:damage_dealt":1340,"minecraft:interact_with_crafting_table":5,"minecraft:fly_one_cm":239725,"minecraft:crouch_one_cm":878,"minecraft:play_time":38734,"minecraft:deaths":2,"minecraft:sneak_time":672,"minecraft:walk_under_water_one_cm":734,"minecraft:jump":649,"minecraft:time_since_death":846,"minecraft:leave_game":3,"minecraft:walk_on_water_one_cm":922,"minecraft:sleep_in_bed":2,"minecraft:total_world_time":38734,"minecraft:fall_one_cm":6151},"minecraft:used":{"regions_unexplored:blue_magnolia_shrub":1,"minecraft:stone_pickaxe":8,"minecraft:wooden_pickaxe":22,"minecraft:stone_axe":17,"minecraft:dirt":9,"minecraft:crafting_table":4,"minecraft:furnace":1,"minecraft:white_bed":1,"cisco_mod:dragon_seeker_missile_spawn_egg":1,"minecraft:cooked_beef":3},"minecraft:killed":{"minecraft:sheep":3,"minecraft:zombie":1,"minecraft:pig":3,"minecraft:cow":6},"minecraft:killed_by":{"minecraft:creeper":1},"minecraft:crafted":{"minecraft:cooked_beef":7,"minecraft:crafting_table":1,"minecraft:stick":8,"minecraft:wooden_pickaxe":1,"minecraft:stone_pickaxe":1,"minecraft:furnace":1,"minecraft:white_bed":1,"minecraft:stone_axe":1,"regions_unexplored:magnolia_planks":56,"minecraft:air":0}},"DataVersion":3465}